vehicle_type,route_type,plate_text,odometer_text,tyres_json,entered_by,snapshot_date,uploaded_by,uploaded_at,source_filename
bus,trunk,SMB1303E,3346467,"{""FL"": 1.2, ""FR"": 1.2, ""BL1"": 1.89, ""BL2"": 1.12, ""BR1"": 1.2, ""BR2"": 1.2}",Peter Parker,2026-09-30 00:06:48,Tony Stark,2026-10-05 00:17:29,bus.xlsx
bus,feeder,SG5811G,6414477,"{""FL"": 1.4, ""FR"": 1.2, ""BL1"": 1.4, ""BL2"": 1.4, ""BR1"": 2.2, ""BR2"": 1.7}",Peter Parker,2026-09-30 00:05:24,Tony Stark,2026-10-05 00:17:29,bus.xlsx
bus,feeder,SJC3764A,09120.4,"{""FL"": 1.0, ""FR"": 1.0, ""BL1"": 1.0, ""BL2"": 1.0, ""BR1"": 1.0, ""BR2"": 1.0}",Ned,2026-09-27 01:21:25,Tony Stark,2026-10-05 00:17:29,bus.xlsx
bus,feeder,SMK507,144395,"{""FL"": 1.0, ""FR"": 1.0, ""BL1"": 1.0, ""BL2"": 1.0, ""BR1"": 1.0, ""BR2"": 1.0}",Ned,2026-09-27 01:20:10,Tony Stark,2026-10-05 00:17:29,bus.xlsx
bus,trunk,SM08088B,3829.2,"{""FL"": 1.4, ""FR"": 1.2, ""BL1"": 1.2, ""BL2"": 1.2, ""BR1"": 1.2, ""BR2"": 1.6}",Bruce Wayne,2026-09-27 01:18:33,Tony Stark,2026-10-05 00:17:29,bus.xlsx
bus,feeder,SLH8008S,09830.8,"{""FL"": 1.0, ""FR"": 1.0, ""BL1"": 1.0, ""BL2"": 1.0, ""BR1"": 1.5, ""BR2"": 1.0}",Peter Parker,2026-09-27 01:16:53,Tony Stark,2026-10-05 00:17:29,bus.xlsx
doubledecker,trunk,SG5811G,6190673,"{""FL"": 1.2, ""FR"": 1.2, ""ML1"": 1.3, ""ML2"": 1.1, ""MR1"": 1.2, ""MR2"": 1.5, ""BL1"": 1.2, ""BL2"": 1.2, ""BR1"": 1.0, ""BR2"": 1.0}",Peter Parker,2026-09-30 00:07:59,Tony Stark,2026-10-05 00:17:29,doubledecker.xlsx
doubledecker,feeder,SBA1234A,23597.7,"{""FL"": 1.4, ""FR"": 1.2, ""ML1"": 1.9, ""ML2"": 1.3, ""MR1"": 1.2, ""MR2"": 1.2, ""BL1"": 1.3, ""BL2"": 1.2, ""BR1"": 1.2, ""BR2"": 1.1}",Gwen,2026-09-27 01:22:58,Tony Stark,2026-10-05 00:17:29,doubledecker.xlsx
doubledecker,feeder,SJ1234A,6556.0,"{""FL"": 1.4, ""FR"": 1.3, ""ML1"": 1.4, ""ML2"": 1.2, ""MR1"": 1.2, ""MR2"": 1.2, ""BL1"": 1.2, ""BL2"": 1.2, ""BR1"": 1.2, ""BR2"": 1.4}",Bruce Wayne,2026-09-27 01:19:09,Tony Stark,2026-10-05 00:17:29,doubledecker.xlsx
doubledecker,trunk,YOW1F,05761.2,"{""FL"": 1.0, ""FR"": 1.1, ""ML1"": 1.0, ""ML2"": 1.0, ""MR1"": 1.0, ""MR2"": 1.1, ""BL1"": 1.0, ""BL2"": 1.1, ""BR1"": 1.0, ""BR2"": 1.0}",Peter Parker,2026-09-27 01:16:09,Tony Stark,2026-10-05 00:17:29,doubledecker.xlsx
car,,SLN4444L,12345.6,"{""FL"": 1.2, ""FR"": 1.2, ""BL"": 1.4, ""BR"": 1.2}",Bruce Wayne,2026-09-27 01:17:59,Tony Stark,2026-10-05 00:17:29,car.xlsx
car,,SPG1000S,19504.9,"{""FL"": 1.2, ""FR"": 1.3, ""BL"": 1.1, ""BR"": 1.2}",Peter Parker,2026-09-27 01:16:43,Tony Stark,2026-10-05 00:17:29,car.xlsx
doubledecker,trunk,SG5811G,6290673,"{""FL"": 1.5, ""FR"": 1.63, ""ML1"": 1.63, ""ML2"": 1.34, ""MR1"": 1.4, ""MR2"": 1.4, ""BL1"": 1.7, ""BL2"": 1.7, ""BR1"": 1.02, ""BR2"": 1.2}",Peter Parker,2026-10-04 01:17:59,Tony Stark,2026-10-05 00:17:38,doubledecker - Copy.xlsx
doubledecker,feeder,SBA1234A,35597.7,"{""FL"": 1.63, ""FR"": 1.63, ""ML1"": 2.0, ""ML2"": 1.5, ""MR1"": 1.4, ""MR2"": 1.2, ""BL1"": 1.5, ""BL2"": 1.7, ""BR1"": 1.4, ""BR2"": 1.3}",Gwen,2026-10-04 01:17:59,Tony Stark,2026-10-05 00:17:38,doubledecker - Copy.xlsx
doubledecker,feeder,SJ1234A,7536.5,"{""FL"": 1.45, ""FR"": 1.63, ""ML1"": 1.63, ""ML2"": 1.4, ""MR1"": 1.4, ""MR2"": 1.4, ""BL1"": 1.25, ""BL2"": 1.7, ""BR1"": 1.4, ""BR2"": 1.45}",Bruce Wayne,2026-10-04 01:17:59,Tony Stark,2026-10-05 00:17:38,doubledecker - Copy.xlsx
doubledecker,trunk,YOW1F,15761.2,"{""FL"": 2.0, ""FR"": 1.1, ""ML1"": 1.2, ""ML2"": 1.02, ""MR1"": 1.3, ""MR2"": 1.34, ""BL1"": 1.2, ""BL2"": 1.3, ""BR1"": 1.3, ""BR2"": 1.12}",Peter Parker,2026-10-04 01:17:59,Tony Stark,2026-10-05 00:17:38,doubledecker - Copy.xlsx
bus,trunk,SMB1303E,3396467,"{""FL"": 1.9, ""FR"": 1.5, ""BL1"": 2.0, ""BL2"": 1.45, ""BR1"": 1.5, ""BR2"": 1.2}",Peter Parker,2026-10-04 01:17:59,Tony Stark,2026-10-05 00:17:38,bus - Copy.xlsx
bus,feeder,SG5811G,6514477,"{""FL"": 2.1, ""FR"": 1.5, ""BL1"": 1.5, ""BL2"": 1.9, ""BR1"": 2.5, ""BR2"": 2.0}",Peter Parker,2026-10-04 01:17:59,Tony Stark,2026-10-05 00:17:38,bus - Copy.xlsx
bus,feeder,SJC3764A,9520.4,"{""FL"": 1.7, ""FR"": 1.2, ""BL1"": 1.5, ""BL2"": 1.12, ""BR1"": 1.4, ""BR2"": 1.2}",Ned,2026-10-04 01:17:59,Tony Stark,2026-10-05 00:17:38,bus - Copy.xlsx
bus,feeder,SMK507,154395,"{""FL"": 1.9, ""FR"": 1.2, ""BL1"": 1.2, ""BL2"": 1.32, ""BR1"": 1.3, ""BR2"": 1.2}",Ned,2026-10-04 01:17:59,Tony Stark,2026-10-05 00:17:38,bus - Copy.xlsx
bus,trunk,SM08088B,6829.2,"{""FL"": 2.0, ""FR"": 1.4, ""BL1"": 1.4, ""BL2"": 1.7, ""BR1"": 1.7, ""BR2"": 2.0}",Bruce Wayne,2026-10-04 01:17:59,Tony Stark,2026-10-05 00:17:38,bus - Copy.xlsx
bus,feeder,SLH8008S,19830.8,"{""FL"": 1.5, ""FR"": 1.2, ""BL1"": 1.32, ""BL2"": 1.2, ""BR1"": 1.9, ""BR2"": 1.2}",Peter Parker,2026-10-04 01:17:59,Tony Stark,2026-10-05 00:17:38,bus - Copy.xlsx
car,,SLN4444L,26355.6,"{""FL"": 1.6, ""FR"": 1.9, ""BL"": 1.7, ""BR"": 1.6}",Bruce Wayne,2026-10-04 01:17:59,Tony Stark,2026-10-05 00:17:38,car - Copy.xlsx
car,,SPG1000S,22914.9,"{""FL"": 1.7, ""FR"": 2.1, ""BL"": 1.7, ""BR"": 1.5}",Peter Parker,2026-10-04 01:17:59,Tony Stark,2026-10-05 00:17:38,car - Copy.xlsx
